{
  "num_instances": 1,
  "pass_at_k": {
    "pass@1": 0.0,
    "pass@2": 0.0
  },
  "solvers": [
    {
      "compile_failure_rate": 0.0,
      "crash_rate": 0.0,
      "feasible_rate": 0.0,
      "instances": 1,
      "reward_max": 1.9159462280368653,
      "reward_mean": 1.9159462280368653,
      "reward_median": 1.9159462280368653,
      "reward_min": 1.9159462280368653,
      "solver": "baseline",
      "timeout_rate": 0.0
    },
    {
      "compile_failure_rate": 0.0,
      "crash_rate": 0.0,
      "feasible_rate": 0.0,
      "instances": 1,
      "reward_max": 1.9911111698995918,
      "reward_mean": 1.9911111698995918,
      "reward_median": 1.9911111698995918,
      "reward_min": 1.9911111698995918,
      "solver": "random_metropolis",
      "timeout_rate": 0.0
    }
  ],
  "suite": "smoke"
}